,sys_id,type,subtype,activity,sys_beg,sys_end,protein_in_syst,genes_count,name_of_profiles_in_sys,Genome
1,JMSO01000250.1_mEpX1_Nun_1,mEpX1_Nun,mEpX1_Nun,Defense,JMSO01000250.1_7,JMSO01000250.1_7,JMSO01000250.1_7,1,mEpX1_Nun__Nun,GCA_001078075.1_ASM107807v1_genomic_virus/viruses_defense_finder_systems.tsv
2,LAGP01000029.1|provirus_96401_145265_mEpX1_Nun_1,mEpX1_Nun,mEpX1_Nun,Defense,LAGP01000029.1|provirus_96401_145265_66,LAGP01000029.1|provirus_96401_145265_66,LAGP01000029.1|provirus_96401_145265_66,1,mEpX1_Nun__Nun,GCA_001602545.1_ASM160254v1_genomic_virus/viruses_defense_finder_systems.tsv
3,LAGQ01000187.1_VP1839_1,VP1839,VP1839,Defense,LAGQ01000187.1_11,LAGQ01000187.1_11,LAGQ01000187.1_11,1,VP1839__VP1839,GCA_001602555.1_ASM160255v1_genomic_virus/viruses_defense_finder_systems.tsv
4,MTCH01000065.1_Retron_VI_2,Retron,Retron_VI,Defense,MTCH01000065.1_13,MTCH01000065.1_14,"MTCH01000065.1_13,MTCH01000065.1_14",2,"Retron_VI__HTH,Retron__RT_Tot_10",GCA_002752575.1_ASM275257v1_genomic_virus/viruses_defense_finder_systems.tsv
5,MTCH01000065.1_PD-Lambda-4_1,PD-Lambda-4,PD-Lambda-4,Defense,MTCH01000065.1_15,MTCH01000065.1_16,"MTCH01000065.1_15,MTCH01000065.1_16",2,"PD-Lambda-4__PD-Lambda-4_A,PD-Lambda-4__PD-Lambda-4_B",GCA_002752575.1_ASM275257v1_genomic_virus/viruses_defense_finder_systems.tsv
6,JACSWU010000238.1_DS-42_1,DS-42,DS-42,Defense,JACSWU010000238.1_1,JACSWU010000238.1_3,"JACSWU010000238.1_1,JACSWU010000238.1_2,JACSWU010000238.1_3",3,"DS-42__DS-42A,DS-42__DS-42B,DS-42__DS-42C",GCA_014353905.1_ASM1435390v1_genomic_virus/viruses_defense_finder_systems.tsv
7,DALYOG010000017.1|provirus_16727_28297_mEp332_T2SS_GspM_1,mEp332_T2SS_GspM,mEp332_T2SS_GspM,Defense,DALYOG010000017.1|provirus_16727_28297_14,DALYOG010000017.1|provirus_16727_28297_14,DALYOG010000017.1|provirus_16727_28297_14,1,mEp332_T2SS_GspM__T2SS_GspM,GCA_031974815.1_ASM3197481v1_genomic_virus/viruses_defense_finder_systems.tsv
8,CP142291.1|provirus_1722072_1771296_mEpX1_Nun_1,mEpX1_Nun,mEpX1_Nun,Defense,CP142291.1|provirus_1722072_1771296_18,CP142291.1|provirus_1722072_1771296_18,CP142291.1|provirus_1722072_1771296_18,1,mEpX1_Nun__Nun,GCA_036866075.1_ASM3686607v1_genomic_virus/viruses_defense_finder_systems.tsv
9,JAZBMI010000016.1|provirus_8817_20246_DUF262_Shlafen_pSlfn7_1,DUF262_Shlafen,DUF262_Shlafen_pSlfn7,Defense,JAZBMI010000016.1|provirus_8817_20246_4,JAZBMI010000016.1|provirus_8817_20246_4,JAZBMI010000016.1|provirus_8817_20246_4,1,DUF262_Shlafen_pSlfn7__pSlfn7,GCA_037033665.1_ASM3703366v1_genomic_virus/viruses_defense_finder_systems.tsv
10,JAZBMS010000047.1|provirus_4343_30245_Rst_3HP_2,Rst_3HP,Rst_3HP,Defense,JAZBMS010000047.1|provirus_4343_30245_13,JAZBMS010000047.1|provirus_4343_30245_15,"JAZBMS010000047.1|provirus_4343_30245_13,JAZBMS010000047.1|provirus_4343_30245_14,JAZBMS010000047.1|provirus_4343_30245_15",3,"Rst_3HP__Hp1,Rst_3HP__Hp2,Rst_3HP__Hp3",GCA_037033865.1_ASM3703386v1_genomic_virus/viruses_defense_finder_systems.tsv
11,JAZBMS010000047.1|provirus_4343_30245_DRT9_1,DRT,DRT9,Defense,JAZBMS010000047.1|provirus_4343_30245_20,JAZBMS010000047.1|provirus_4343_30245_20,JAZBMS010000047.1|provirus_4343_30245_20,1,DRT9__DRT9,GCA_037033865.1_ASM3703386v1_genomic_virus/viruses_defense_finder_systems.tsv
12,CALFHL010000156.1_RM_Type_II_2,RM,RM_Type_II,Defense,CALFHL010000156.1_2,CALFHL010000156.1_5,"CALFHL010000156.1_2,CALFHL010000156.1_5",2,"RM_Type_II__Type_II_MTases_FAM_32,RM_Type_II__Type_II_REase22",GCA_937876675.1_SRR3742170_bin.6_CONCOCT_v1.1_MAG_genomic_virus/viruses_defense_finder_systems.tsv
13,NC_017445.1|provirus_2872688_2920967_Mok_Hok_Sok_1,Mok_Hok_Sok,Mok_Hok_Sok,Defense,NC_017445.1|provirus_2872688_2920967_21,NC_017445.1|provirus_2872688_2920967_21,NC_017445.1|provirus_2872688_2920967_21,1,Mok_Hok_Sok__Mok,GCF_000165815.1_ASM16581v1_genomic_virus/viruses_defense_finder_systems.tsv
14,NC_017445.1|provirus_2872688_2920967_RosmerTA_2,RosmerTA,RosmerTA,Defense,NC_017445.1|provirus_2872688_2920967_30,NC_017445.1|provirus_2872688_2920967_31,"NC_017445.1|provirus_2872688_2920967_30,NC_017445.1|provirus_2872688_2920967_31",2,"RosmerTA__RmrA_2634932349,RosmerTA__RmrT_2634932349",GCF_000165815.1_ASM16581v1_genomic_virus/viruses_defense_finder_systems.tsv
15,NC_014306.1|provirus_1248024_1279246_PARIS_II_1,Paris,PARIS_II,Defense,NC_014306.1|provirus_1248024_1279246_26,NC_014306.1|provirus_1248024_1279246_27,"NC_014306.1|provirus_1248024_1279246_26,NC_014306.1|provirus_1248024_1279246_27",2,"Paris_II__AriA_AAA21,Paris_II__AriB_DUF4435_II",GCF_000196615.1_ASM19661v1_genomic_virus/viruses_defense_finder_systems.tsv
16,NZ_JFHN01000041.1_PhiR47_GevAT_1,PhiR47_GevAT,PhiR47_GevAT,Defense,NZ_JFHN01000041.1_18,NZ_JFHN01000041.1_19,"NZ_JFHN01000041.1_18,NZ_JFHN01000041.1_19",2,"PhiR47_GevAT__GevA,PhiR47_GevAT__GevT",GCF_000590885.1_MSR-CA7.0_genomic_virus/viruses_defense_finder_systems.tsv
17,NZ_JQNE01000001.1|provirus_900073_962714_DS-33_2,DS-33,DS-33,Defense,NZ_JQNE01000001.1|provirus_900073_962714_6,NZ_JQNE01000001.1|provirus_900073_962714_6,NZ_JQNE01000001.1|provirus_900073_962714_6,1,DS-33__DS-33,GCF_000745075.1_ASM74507v1_genomic_virus/viruses_defense_finder_systems.tsv
18,NZ_JQNE01000001.1|provirus_900073_962714_BstA_1,BstA,BstA,Defense,NZ_JQNE01000001.1|provirus_900073_962714_24,NZ_JQNE01000001.1|provirus_900073_962714_24,NZ_JQNE01000001.1|provirus_900073_962714_24,1,BstA__BstA,GCF_000745075.1_ASM74507v1_genomic_virus/viruses_defense_finder_systems.tsv
19,NZ_JNVB01000022.1|provirus_1_8230_SNIPE_2,SNIPE,SNIPE,Defense,NZ_JNVB01000022.1|provirus_1_8230_8,NZ_JNVB01000022.1|provirus_1_8230_8,NZ_JNVB01000022.1|provirus_1_8230_8,1,PD-Lambda-1__PD-Lambda-1,GCF_000770305.1_ASM77030v1_genomic_virus/viruses_defense_finder_systems.tsv
20,NZ_JRUQ01000018.1|provirus_49813_82603_RM_Type_II_4,RM,RM_Type_II,Defense,NZ_JRUQ01000018.1|provirus_49813_82603_15,NZ_JRUQ01000018.1|provirus_49813_82603_16,"NZ_JRUQ01000018.1|provirus_49813_82603_15,NZ_JRUQ01000018.1|provirus_49813_82603_16",2,"RM_Type_II__Type_II_MTases_FAM_2,RM_Type_II__Type_II_REase27",GCF_000773975.1_ASM77397v1_genomic_virus/viruses_defense_finder_systems.tsv
21,NZ_JRUQ01000056.1|provirus_46575_57038_SDIC3_2,SDIC3,SDIC3,Defense,NZ_JRUQ01000056.1|provirus_46575_57038_7,NZ_JRUQ01000056.1|provirus_46575_57038_11,"NZ_JRUQ01000056.1|provirus_46575_57038_7,NZ_JRUQ01000056.1|provirus_46575_57038_8,NZ_JRUQ01000056.1|provirus_46575_57038_9,NZ_JRUQ01000056.1|provirus_46575_57038_10,NZ_JRUQ01000056.1|provirus_46575_57038_11",5,"SDIC3__SDIC3B,SDIC3__SDIC3C,SDIC3__SDIC3D,SDIC3__SDIC3E,SDIC3__SDIC3F",GCF_000773975.1_ASM77397v1_genomic_virus/viruses_defense_finder_systems.tsv
22,NZ_JRUQ01000076.1|provirus_18045_57202_DS-1_1,DS-1,DS-1,Defense,NZ_JRUQ01000076.1|provirus_18045_57202_22,NZ_JRUQ01000056.1|provirus_46575_57038_11,"NZ_JRUQ01000076.1|provirus_18045_57202_22,NZ_JRUQ01000076.1|provirus_18045_57202_23",2,"DS-1__DS-1A,DS-1__DS-1B",GCF_000773975.1_ASM77397v1_genomic_virus/viruses_defense_finder_systems.tsv
23,NZ_BCTN01000027.1_AbiC_1,AbiC,AbiC,Defense,NZ_BCTN01000027.1_21,NZ_BCTN01000027.1_21,NZ_BCTN01000027.1_21,1,AbiC__AbiC,GCF_001571305.1_ASM157130v1_genomic_virus/viruses_defense_finder_systems.tsv
24,NZ_PDET01000029.1_Sucellos_2,Sucellos,Sucellos,Defense,NZ_PDET01000029.1_27,NZ_PDET01000029.1_27,NZ_PDET01000029.1_27,1,Sucellos__SclB_VCA0368,GCF_002976475.1_ASM297647v1_genomic_virus/viruses_defense_finder_systems.tsv
25,NZ_PDET01000007.1|provirus_269312_292306_DS-14_1,DS-14,DS-14,Defense,NZ_PDET01000007.1|provirus_269312_292306_12,NZ_PDET01000007.1|provirus_269312_292306_12,NZ_PDET01000007.1|provirus_269312_292306_12,1,DS-14__DS-14,GCF_002976475.1_ASM297647v1_genomic_virus/viruses_defense_finder_systems.tsv
26,NZ_CP022725.1|provirus_546851_594290_BstA_2,BstA,BstA,Defense,NZ_CP022725.1|provirus_546851_594290_22,NZ_CP022725.1|provirus_546851_594290_22,NZ_CP022725.1|provirus_546851_594290_22,1,BstA__BstA,GCF_003485445.1_ASM348544v1_genomic_virus/viruses_defense_finder_systems.tsv
27,NZ_CP022725.1|provirus_1446987_1461675_Septu_1,Septu,Septu,Defense,NZ_CP022725.1|provirus_1446987_1461675_17,NZ_CP022725.1|provirus_1446987_1461675_18,"NZ_CP022725.1|provirus_1446987_1461675_17,NZ_CP022725.1|provirus_1446987_1461675_18",2,"Septu__PtuA,Septu__PtuB_2",GCF_003485445.1_ASM348544v1_genomic_virus/viruses_defense_finder_systems.tsv
28,NZ_RJVB01000001.1|provirus_458877_479336_mEp506_HicAB_1,mEp506_HicAB,mEp506_HicAB,Defense,NZ_RJVB01000001.1|provirus_458877_479336_22,NZ_RJVB01000001.1|provirus_458877_479336_24,"NZ_RJVB01000001.1|provirus_458877_479336_22,NZ_RJVB01000001.1|provirus_458877_479336_23,NZ_RJVB01000001.1|provirus_458877_479336_24",3,"mEp506_HicAB__HicA,mEp506_HicAB__HicB,mEp506_HicAB__HicC",GCF_003751505.1_ASM375150v1_genomic_virus/viruses_defense_finder_systems.tsv
29,NZ_RHHM01000016.1|provirus_726_52626_Sirona_1,Sirona,Sirona,Defense,NZ_RHHM01000016.1|provirus_726_52626_3,NZ_RHHM01000016.1|provirus_726_52626_3,NZ_RHHM01000016.1|provirus_726_52626_3,1,Sirona__VCA0356,GCF_003846135.1_ASM384613v1_genomic_virus/viruses_defense_finder_systems.tsv
30,NZ_RHUM01000013.1|provirus_95841_136112_VcaM4I_1,VcaM4I,VcaM4I,Defense,NZ_RHUM01000013.1|provirus_95841_136112_23,NZ_RHUM01000013.1|provirus_95841_136112_23,NZ_RHUM01000013.1|provirus_95841_136112_23,1,VcaM4I__VcaM4I,GCF_003937915.1_ASM393791v1_genomic_virus/viruses_defense_finder_systems.tsv
31,NZ_RHUM01000013.1|provirus_95841_136112_McrBC_3,McrBC,McrBC,Defense,NZ_RHUM01000013.1|provirus_95841_136112_24,NZ_RHUM01000013.1|provirus_95841_136112_25,"NZ_RHUM01000013.1|provirus_95841_136112_24,NZ_RHUM01000013.1|provirus_95841_136112_25",2,"RM_Type_IV__FAM_1,RM_Type_IV__Type_IV_01",GCF_003937915.1_ASM393791v1_genomic_virus/viruses_defense_finder_systems.tsv
32,NZ_RHUM01000013.1|provirus_95841_136112_Zorya_TypeI_2,Zorya,Zorya_TypeI,Defense,NZ_RHUM01000013.1|provirus_95841_136112_26,NZ_RHUM01000013.1|provirus_95841_136112_29,"NZ_RHUM01000013.1|provirus_95841_136112_26,NZ_RHUM01000013.1|provirus_95841_136112_27,NZ_RHUM01000013.1|provirus_95841_136112_28,NZ_RHUM01000013.1|provirus_95841_136112_29",4,"Zorya_TypeI__ZorC,Zorya_TypeI__ZorD,Zorya__ZorA,Zorya__ZorB",GCF_003937915.1_ASM393791v1_genomic_virus/viruses_defense_finder_systems.tsv
33,NZ_RHUM01000013.1|provirus_95841_136112_RM_Type_I_5,RM,RM_Type_I,Defense,NZ_RHUM01000013.1|provirus_95841_136112_30,NZ_RHUM01000013.1|provirus_95841_136112_32,"NZ_RHUM01000013.1|provirus_95841_136112_30,NZ_RHUM01000013.1|provirus_95841_136112_31,NZ_RHUM01000013.1|provirus_95841_136112_32",3,"RM__Type_I_MTases_FAM_3,RM__Type_I_REases_FAM_1.einsi_trimmed,RM__Type_I_S_52",GCF_003937915.1_ASM393791v1_genomic_virus/viruses_defense_finder_systems.tsv
34,NZ_QGAC01000051.1_UG4_3,All_UG,UG4,Defense,NZ_QGAC01000051.1_6,NZ_QGAC01000051.1_6,NZ_QGAC01000051.1_6,1,UG4__UG4,GCF_005233475.1_ASM523347v1_genomic_virus/viruses_defense_finder_systems.tsv
35,NZ_QGAC01000002.1|provirus_168036_188803_AbiD_1,AbiD,AbiD,Defense,NZ_QGAC01000002.1|provirus_168036_188803_3,NZ_QGAC01000002.1|provirus_168036_188803_3,NZ_QGAC01000002.1|provirus_168036_188803_3,1,AbiD__AbiD,GCF_005233475.1_ASM523347v1_genomic_virus/viruses_defense_finder_systems.tsv
36,NZ_CP034363.1|provirus_2692113_2724898_Pycsar_TM_2,Pycsar,Pycsar_TM,Defense,NZ_CP034363.1|provirus_2692113_2724898_22,NZ_CP034363.1|provirus_2692113_2724898_23,"NZ_CP034363.1|provirus_2692113_2724898_22,NZ_CP034363.1|provirus_2692113_2724898_23",2,"CBASS__2TM_5,Pycsar__AG_cyclase",GCF_007981265.1_ASM798126v1_genomic_virus/viruses_defense_finder_systems.tsv
37,NZ_CP031695.1|provirus_3576470_3609361_Belisama_1,Belisama,Belisama,Defense,NZ_CP031695.1|provirus_3576470_3609361_28,NZ_CP031695.1|provirus_3576470_3609361_28,NZ_CP031695.1|provirus_3576470_3609361_28,1,Belisama__VCA0458,GCF_008728215.1_ASM872821v1_genomic_virus/viruses_defense_finder_systems.tsv
38,NZ_CP031695.1|provirus_3576470_3609361_PARIS_II_merge_2,Paris,PARIS_II_merge,Defense,NZ_CP031695.1|provirus_3576470_3609361_29,NZ_CP031695.1|provirus_3576470_3609361_29,NZ_CP031695.1|provirus_3576470_3609361_29,1,Paris_II_merge__AAA_21_DUF4435,GCF_008728215.1_ASM872821v1_genomic_virus/viruses_defense_finder_systems.tsv
39,NZ_RQVV01000024.1|provirus_151256_178604_RloC_1,RloC,RloC,Defense,NZ_RQVV01000024.1|provirus_151256_178604_28,NZ_RQVV01000024.1|provirus_151256_178604_28,NZ_RQVV01000024.1|provirus_151256_178604_28,1,RloC__RloC,GCF_009295515.1_ASM929551v1_genomic_virus/viruses_defense_finder_systems.tsv
40,NZ_CP046509.1|provirus_1653382_1704526_mEpX1_Nun_2,mEpX1_Nun,mEpX1_Nun,Defense,NZ_CP046509.1|provirus_1653382_1704526_15,NZ_CP046509.1|provirus_1653382_1704526_15,NZ_CP046509.1|provirus_1653382_1704526_15,1,mEpX1_Nun__Nun,GCF_009738185.1_ASM973818v1_genomic_virus/viruses_defense_finder_systems.tsv
41,NZ_CP046509.1|provirus_1653382_1704526_PhiR47.1_PanTA_1,PhiR47.1_PanTA,PhiR47.1_PanTA,Defense,NZ_CP046509.1|provirus_1653382_1704526_76,NZ_CP046509.1|provirus_1653382_1704526_77,"NZ_CP046509.1|provirus_1653382_1704526_76,NZ_CP046509.1|provirus_1653382_1704526_77",2,"PhiR47.1_PanTA__PanA,PhiR47.1_PanTA__PanT",GCF_009738185.1_ASM973818v1_genomic_virus/viruses_defense_finder_systems.tsv
42,NZ_WHOY01000031.1|provirus_4577908_4601624_mEpX1_KilAN_P63C_1,mEpX1_KilAN_P63C,mEpX1_KilAN_P63C,Defense,NZ_WHOY01000031.1|provirus_4577908_4601624_8,NZ_WHOY01000031.1|provirus_4577908_4601624_8,NZ_WHOY01000031.1|provirus_4577908_4601624_8,1,mEpX1_KilAN_P63C__KilA-N-P63C,GCF_009765445.1_ASM976544v1_genomic_virus/viruses_defense_finder_systems.tsv
43,NZ_WUUO01000019.1|provirus_20350_35252_SDIC3_2,SDIC3,SDIC3,Defense,NZ_WUUO01000019.1|provirus_20350_35252_7,NZ_WUUO01000019.1|provirus_20350_35252_11,"NZ_WUUO01000019.1|provirus_20350_35252_7,NZ_WUUO01000019.1|provirus_20350_35252_8,NZ_WUUO01000019.1|provirus_20350_35252_9,NZ_WUUO01000019.1|provirus_20350_35252_10,NZ_WUUO01000019.1|provirus_20350_35252_11",5,"SDIC3__SDIC3B,SDIC3__SDIC3C,SDIC3__SDIC3D,SDIC3__SDIC3E,SDIC3__SDIC3F",GCF_009846845.1_ASM984684v1_genomic_virus/viruses_defense_finder_systems.tsv
44,NZ_WUUO01000001.1|provirus_848827_876373_Retron_I_C_1,Retron,Retron_I_C,Defense,NZ_WUUO01000001.1|provirus_848827_876373_23,NZ_WUUO01000001.1|provirus_848827_876373_23,NZ_WUUO01000001.1|provirus_848827_876373_23,1,Retron_I_C__RT_1_C1,GCF_009846845.1_ASM984684v1_genomic_virus/viruses_defense_finder_systems.tsv
45,NZ_JAAEWI010000012.1|provirus_3_29746_Kiwa_2,Kiwa,Kiwa,Defense,NZ_JAAEWI010000012.1|provirus_3_29746_6,NZ_JAAEWI010000012.1|provirus_3_29746_7,"NZ_JAAEWI010000012.1|provirus_3_29746_6,NZ_JAAEWI010000012.1|provirus_3_29746_7",2,"Kiwa__KwaA,Kiwa__KwaB_2",GCF_012367615.1_ASM1236761v1_genomic_virus/viruses_defense_finder_systems.tsv
46,NZ_JAAEWI010000021.1|provirus_115195_145184_RosmerTA_1,RosmerTA,RosmerTA,Defense,NZ_JAAEWI010000021.1|provirus_115195_145184_30,NZ_JAAEWI010000021.1|provirus_115195_145184_31,"NZ_JAAEWI010000021.1|provirus_115195_145184_30,NZ_JAAEWI010000021.1|provirus_115195_145184_31",2,"RosmerTA__RmrA_2585209417,RosmerTA__RmrT_2585209417",GCF_012367615.1_ASM1236761v1_genomic_virus/viruses_defense_finder_systems.tsv
47,NZ_JAAEVY010000008.1|provirus_30109_60098_RosmerTA_1,RosmerTA,RosmerTA,Defense,NZ_JAAEVY010000008.1|provirus_30109_60098_30,NZ_JAAEVY010000008.1|provirus_30109_60098_31,"NZ_JAAEVY010000008.1|provirus_30109_60098_30,NZ_JAAEVY010000008.1|provirus_30109_60098_31",2,"RosmerTA__RmrA_2585209417,RosmerTA__RmrT_2585209417",GCF_012371755.1_ASM1237175v1_genomic_virus/viruses_defense_finder_systems.tsv
48,NZ_JACONS010000001.1|provirus_84558_115683_DNA_met_RM_Type_II_PDDEXK_1,RM_Type_II,DNA_met_RM_Type_II_PDDEXK,Defense,NZ_JACONS010000001.1|provirus_84558_115683_27,NZ_JACONS010000001.1|provirus_84558_115683_28,"NZ_JACONS010000001.1|provirus_84558_115683_27,NZ_JACONS010000001.1|provirus_84558_115683_28",2,"RM_Type_II__Type_II_MTases_FAM_0,RM_Type_II__Type_II_REase17",GCF_014357465.1_ASM1435746v1_genomic_virus/viruses_defense_finder_systems.tsv
49,NZ_JACXBP010000006.1|provirus_314067_363675_mEpX1_Nun_1,mEpX1_Nun,mEpX1_Nun,Defense,NZ_JACXBP010000006.1|provirus_314067_363675_53,NZ_JACXBP010000006.1|provirus_314067_363675_53,NZ_JACXBP010000006.1|provirus_314067_363675_53,1,mEpX1_Nun__Nun,GCF_014773485.1_ASM1477348v1_genomic_virus/viruses_defense_finder_systems.tsv
50,NZ_JACYMQ010000001.1|provirus_25_26703_DS-24_4,DS-24,DS-24,Defense,NZ_JACYMQ010000001.1|provirus_25_26703_29,NZ_JACYMQ010000001.1|provirus_25_26703_29,NZ_JACYMQ010000001.1|provirus_25_26703_29,1,DS-24__DS-24,GCF_014838835.1_ASM1483883v1_genomic_virus/viruses_defense_finder_systems.tsv
51,NZ_JACYMQ010000009.1|provirus_130770_148157_Menshen_1,Menshen,Menshen,Defense,NZ_JACYMQ010000009.1|provirus_130770_148157_3,NZ_JACYMQ010000009.1|provirus_130770_148157_5,"NZ_JACYMQ010000009.1|provirus_130770_148157_3,NZ_JACYMQ010000009.1|provirus_130770_148157_4,NZ_JACYMQ010000009.1|provirus_130770_148157_5",3,"Menshen__NsnA,Menshen__NsnB,Menshen__NsnC_2623244837",GCF_014838835.1_ASM1483883v1_genomic_virus/viruses_defense_finder_systems.tsv
52,NZ_JACYMQ010000009.1|provirus_130770_148157_SDIC3_3,SDIC3,SDIC3,Defense,NZ_JACYMQ010000009.1|provirus_130770_148157_9,NZ_JACYMQ010000009.1|provirus_130770_148157_13,"NZ_JACYMQ010000009.1|provirus_130770_148157_9,NZ_JACYMQ010000009.1|provirus_130770_148157_10,NZ_JACYMQ010000009.1|provirus_130770_148157_11,NZ_JACYMQ010000009.1|provirus_130770_148157_13",4,"SDIC3__SDIC3B,SDIC3__SDIC3D,SDIC3__SDIC3E,SDIC3__SDIC3F",GCF_014838835.1_ASM1483883v1_genomic_virus/viruses_defense_finder_systems.tsv
53,NZ_JACYMQ010000009.1|provirus_130770_148157_Rst_Hydrolase-Tm_2,Rst_Hydrolase-3Tm,Rst_Hydrolase-Tm,Defense,NZ_JACYMQ010000009.1|provirus_130770_148157_17,NZ_JACYMQ010000009.1|provirus_130770_148157_18,"NZ_JACYMQ010000009.1|provirus_130770_148157_17,NZ_JACYMQ010000009.1|provirus_130770_148157_18",2,"Rst_Hydrolase-Tm__Hydrolase,Rst_Hydrolase-Tm__Hydrolase-Tm",GCF_014838835.1_ASM1483883v1_genomic_virus/viruses_defense_finder_systems.tsv
54,NZ_JACYNM010000049.1_UG4_2,All_UG,UG4,Defense,NZ_JACYNM010000049.1_7,NZ_JACYNM010000049.1_7,NZ_JACYNM010000049.1_7,1,UG4__UG4,GCF_014839215.1_ASM1483921v1_genomic_virus/viruses_defense_finder_systems.tsv
55,NZ_JACYNM010000005.1|provirus_24746_36517_PhiR5.1_HipAD_3,PhiR5.1_HipAD,PhiR5.1_HipAD,Defense,NZ_JACYNM010000005.1|provirus_24746_36517_8,NZ_JACYNM010000005.1|provirus_24746_36517_9,"NZ_JACYNM010000005.1|provirus_24746_36517_8,NZ_JACYNM010000005.1|provirus_24746_36517_9",2,"PhiR5.1_HipAD__HipA,PhiR5.1_HipAD__HipD",GCF_014839215.1_ASM1483921v1_genomic_virus/viruses_defense_finder_systems.tsv
56,NZ_JACYNN010000047.1_UG4_3,All_UG,UG4,Defense,NZ_JACYNN010000047.1_7,NZ_JACYNN010000047.1_7,NZ_JACYNN010000047.1_7,1,UG4__UG4,GCF_014839305.1_ASM1483930v1_genomic_virus/viruses_defense_finder_systems.tsv
57,NZ_JACYNN010000005.1|provirus_24746_36517_PhiR5.1_HipAD_1,PhiR5.1_HipAD,PhiR5.1_HipAD,Defense,NZ_JACYNN010000005.1|provirus_24746_36517_8,NZ_JACYNN010000005.1|provirus_24746_36517_9,"NZ_JACYNN010000005.1|provirus_24746_36517_8,NZ_JACYNN010000005.1|provirus_24746_36517_9",2,"PhiR5.1_HipAD__HipA,PhiR5.1_HipAD__HipD",GCF_014839305.1_ASM1483930v1_genomic_virus/viruses_defense_finder_systems.tsv
58,NZ_JACVTS010000006.1|provirus_164476_184794_RexAB_1,RexAB,RexAB,Defense,NZ_JACVTS010000006.1|provirus_164476_184794_15,NZ_JACVTS010000006.1|provirus_164476_184794_16,"NZ_JACVTS010000006.1|provirus_164476_184794_15,NZ_JACVTS010000006.1|provirus_164476_184794_16",2,"RexAB__RexA,RexAB__RexB",GCF_016624545.1_S38_genomic_virus/viruses_defense_finder_systems.tsv
59,NZ_JAEOXF010000021.1|provirus_34240_53693_Sucellos_1,Sucellos,Sucellos,Defense,NZ_JAEOXF010000021.1|provirus_34240_53693_3,NZ_JAEOXF010000021.1|provirus_34240_53693_4,"NZ_JAEOXF010000021.1|provirus_34240_53693_3,NZ_JAEOXF010000021.1|provirus_34240_53693_4",2,"Sucellos__SclA_VCA0367,Sucellos__SclB_VCA0368",GCF_016632325.1_ASM1663232v1_genomic_virus/viruses_defense_finder_systems.tsv
60,NZ_MQSZ01000001.1|provirus_209035_250813_Sucellos_3,Sucellos,Sucellos,Defense,NZ_MQSZ01000001.1|provirus_209035_250813_22,NZ_MQSZ01000001.1|provirus_209035_250813_22,NZ_MQSZ01000001.1|provirus_209035_250813_22,1,Sucellos__SclB_VCA0368,GCF_017168115.1_ASM1716811v1_genomic_virus/viruses_defense_finder_systems.tsv
61,NZ_MQSZ01000003.1|provirus_469219_503185_RM_Type_II_5,RM,RM_Type_II,Defense,NZ_MQSZ01000003.1|provirus_469219_503185_9,NZ_MQSZ01000003.1|provirus_469219_503185_15,"NZ_MQSZ01000003.1|provirus_469219_503185_9,NZ_MQSZ01000003.1|provirus_469219_503185_14,NZ_MQSZ01000003.1|provirus_469219_503185_15",3,"RM_Type_II__Type_II_MTases_FAM_32,RM_Type_II__Type_II_MTases_FAM_4,RM_Type_II__Type_II_REase22",GCF_017168115.1_ASM1716811v1_genomic_virus/viruses_defense_finder_systems.tsv
62,NZ_MQSZ01000004.1|provirus_264589_321454_BstA_1,BstA,BstA,Defense,NZ_MQSZ01000004.1|provirus_264589_321454_33,NZ_MQSZ01000004.1|provirus_264589_321454_33,NZ_MQSZ01000004.1|provirus_264589_321454_33,1,BstA__BstA,GCF_017168115.1_ASM1716811v1_genomic_virus/viruses_defense_finder_systems.tsv
63,NZ_MQSZ01000004.1|provirus_264589_321454_MqsRAC_2,MqsRAC,MqsRAC,Defense,NZ_MQSZ01000004.1|provirus_264589_321454_72,NZ_MQSZ01000004.1|provirus_264589_321454_74,"NZ_MQSZ01000004.1|provirus_264589_321454_72,NZ_MQSZ01000004.1|provirus_264589_321454_74",2,"MqsRAC__mqsC,MqsRAC__mqsR",GCF_017168115.1_ASM1716811v1_genomic_virus/viruses_defense_finder_systems.tsv
64,NZ_JAGGMP010000001.1|provirus_4165902_4193448_Retron_I_C_2,Retron,Retron_I_C,Defense,NZ_JAGGMP010000001.1|provirus_4165902_4193448_14,NZ_JAGGMP010000001.1|provirus_4165902_4193448_14,NZ_JAGGMP010000001.1|provirus_4165902_4193448_14,1,Retron_I_C__RT_1_C1,GCF_017875455.1_ASM1787545v1_genomic_virus/viruses_defense_finder_systems.tsv
65,NZ_JAGGMP010000001.1|provirus_5204168_5219070_SDIC3_1,SDIC3,SDIC3,Defense,NZ_JAGGMP010000001.1|provirus_5204168_5219070_7,NZ_JAGGMP010000001.1|provirus_5204168_5219070_11,"NZ_JAGGMP010000001.1|provirus_5204168_5219070_7,NZ_JAGGMP010000001.1|provirus_5204168_5219070_8,NZ_JAGGMP010000001.1|provirus_5204168_5219070_9,NZ_JAGGMP010000001.1|provirus_5204168_5219070_10,NZ_JAGGMP010000001.1|provirus_5204168_5219070_11",5,"SDIC3__SDIC3B,SDIC3__SDIC3C,SDIC3__SDIC3D,SDIC3__SDIC3E,SDIC3__SDIC3F",GCF_017875455.1_ASM1787545v1_genomic_virus/viruses_defense_finder_systems.tsv
66,NZ_CP046582.1|provirus_2078606_2135815_Kiwa_1,Kiwa,Kiwa,Defense,NZ_CP046582.1|provirus_2078606_2135815_5,NZ_CP046582.1|provirus_2078606_2135815_6,"NZ_CP046582.1|provirus_2078606_2135815_5,NZ_CP046582.1|provirus_2078606_2135815_6",2,"Kiwa__KwaA,Kiwa__KwaB",GCF_018141005.1_ASM1814100v1_genomic_virus/viruses_defense_finder_systems.tsv
67,NZ_AP024331.1|provirus_61520_80058_RM_Type_II_4,RM,RM_Type_II,Defense,NZ_AP024331.1|provirus_61520_80058_13,NZ_AP024331.1|provirus_61520_80058_14,"NZ_AP024331.1|provirus_61520_80058_13,NZ_AP024331.1|provirus_61520_80058_14",2,"RM_Type_II__Type_II_MTases_FAM_0,RM_Type_II__Type_II_REase06",GCF_018326325.1_ASM1832632v1_genomic_virus/viruses_defense_finder_systems.tsv
68,NZ_AP024331.1|provirus_649342_668286_PD-T7-2_1,PD-T7-2,PD-T7-2,Defense,NZ_AP024331.1|provirus_649342_668286_1,NZ_AP024331.1|provirus_649342_668286_2,"NZ_AP024331.1|provirus_649342_668286_1,NZ_AP024331.1|provirus_649342_668286_2",2,"PD-T7-2__PD-T7-2_A,PD-T7-2__PD-T7-2_B",GCF_018326325.1_ASM1832632v1_genomic_virus/viruses_defense_finder_systems.tsv
69,NZ_AP024331.1|provirus_649342_668286_SDIC3_2,SDIC3,SDIC3,Defense,NZ_AP024331.1|provirus_649342_668286_7,NZ_AP024331.1|provirus_649342_668286_13,"NZ_AP024331.1|provirus_649342_668286_7,NZ_AP024331.1|provirus_649342_668286_9,NZ_AP024331.1|provirus_649342_668286_10,NZ_AP024331.1|provirus_649342_668286_11,NZ_AP024331.1|provirus_649342_668286_12,NZ_AP024331.1|provirus_649342_668286_13",6,"SDIC3__SDIC3B,SDIC3__SDIC3B,SDIC3__SDIC3C,SDIC3__SDIC3D,SDIC3__SDIC3E,SDIC3__SDIC3F",GCF_018326325.1_ASM1832632v1_genomic_virus/viruses_defense_finder_systems.tsv
70,NZ_JAHSPF010000009.1|provirus_126368_162594_SEFIR_1,SEFIR,SEFIR,Defense,NZ_JAHSPF010000009.1|provirus_126368_162594_47,NZ_JAHSPF010000009.1|provirus_126368_162594_47,NZ_JAHSPF010000009.1|provirus_126368_162594_47,1,SEFIR__bSEFIR,GCF_019132875.1_ASM1913287v1_genomic_virus/viruses_defense_finder_systems.tsv
71,NZ_CP089934.1|provirus_2693882_2769632_RM_Type_III_3,RM,RM_Type_III,Defense,NZ_CP089934.1|provirus_2693882_2769632_32,NZ_CP089934.1|provirus_2693882_2769632_33,"NZ_CP089934.1|provirus_2693882_2769632_32,NZ_CP089934.1|provirus_2693882_2769632_33",2,"RM_Type_III__Type_III_MTases_FAM_0,RM_Type_III__Type_III_REases_FAM_0.einsi_trimmed",GCF_021365485.1_ASM2136548v1_genomic_virus/viruses_defense_finder_systems.tsv
72,NZ_CP089934.1|provirus_2693882_2769632_PhiR47.1_PanTA_1,PhiR47.1_PanTA,PhiR47.1_PanTA,Defense,NZ_CP089934.1|provirus_2693882_2769632_52,NZ_CP089934.1|provirus_2693882_2769632_53,"NZ_CP089934.1|provirus_2693882_2769632_52,NZ_CP089934.1|provirus_2693882_2769632_53",2,"PhiR47.1_PanTA__PanA,PhiR47.1_PanTA__PanT",GCF_021365485.1_ASM2136548v1_genomic_virus/viruses_defense_finder_systems.tsv
73,NZ_JALJVZ010000001.1|provirus_1947138_1980729_Lamassu_Cap4_2,Lamassu-Fam,Lamassu_Cap4,Defense,NZ_JALJVZ010000001.1|provirus_1947138_1980729_29,NZ_JALJVZ010000001.1|provirus_1947138_1980729_31,"NZ_JALJVZ010000001.1|provirus_1947138_1980729_29,NZ_JALJVZ010000001.1|provirus_1947138_1980729_30,NZ_JALJVZ010000001.1|provirus_1947138_1980729_31",3,"Lamassu__LmuA_Cap4_III,Lamassu__LmuB_Short,Lamassu__LmuC_Clade_I",GCF_024168495.1_ASM2416849v1_genomic_virus/viruses_defense_finder_systems.tsv
74,NZ_JAMKCQ010000001.1|provirus_542941_576368_PARIS_I_1,Paris,PARIS_I,Defense,NZ_JAMKCQ010000001.1|provirus_542941_576368_40,NZ_JAMKCQ010000001.1|provirus_542941_576368_41,"NZ_JAMKCQ010000001.1|provirus_542941_576368_40,NZ_JAMKCQ010000001.1|provirus_542941_576368_41",2,"Paris_I__AriA_AAA15,Paris_I__AriB_DUF4435_I",GCF_024169515.1_ASM2416951v1_genomic_virus/viruses_defense_finder_systems.tsv
75,NZ_CP101613.1|provirus_2148445_2182422_Retron_I_A_1,Retron,Retron_I_A,Defense,NZ_CP101613.1|provirus_2148445_2182422_28,NZ_CP101613.1|provirus_2148445_2182422_30,"NZ_CP101613.1|provirus_2148445_2182422_28,NZ_CP101613.1|provirus_2148445_2182422_29,NZ_CP101613.1|provirus_2148445_2182422_30",3,"Retron_I_A__ATPase_TypeIA,Retron_I_A__HNH_TIGR02646,Retron__RT_Tot_1",GCF_024397315.1_ASM2439731v1_genomic_virus/viruses_defense_finder_systems.tsv
76,NZ_CP101613.1|provirus_2881855_2931158_DS-1_2,DS-1,DS-1,Defense,NZ_CP101613.1|provirus_2881855_2931158_37,NZ_CP101613.1|provirus_2881855_2931158_38,"NZ_CP101613.1|provirus_2881855_2931158_37,NZ_CP101613.1|provirus_2881855_2931158_38",2,"DS-1__DS-1A,DS-1__DS-1B",GCF_024397315.1_ASM2439731v1_genomic_virus/viruses_defense_finder_systems.tsv
77,NZ_JANFMZ010000011.1|provirus_38058_87361_DS-1_2,DS-1,DS-1,Defense,NZ_JANFMZ010000011.1|provirus_38058_87361_37,NZ_JANFMZ010000011.1|provirus_38058_87361_38,"NZ_JANFMZ010000011.1|provirus_38058_87361_37,NZ_JANFMZ010000011.1|provirus_38058_87361_38",2,"DS-1__DS-1A,DS-1__DS-1B",GCF_024436235.1_ASM2443623v1_genomic_virus/viruses_defense_finder_systems.tsv
78,NZ_JANFMZ010000022.1|provirus_2_23395_Retron_I_A_1,Retron,Retron_I_A,Defense,NZ_JANFMZ010000022.1|provirus_2_23395_19,NZ_JANFMZ010000022.1|provirus_2_23395_21,"NZ_JANFMZ010000022.1|provirus_2_23395_19,NZ_JANFMZ010000022.1|provirus_2_23395_20,NZ_JANFMZ010000022.1|provirus_2_23395_21",3,"Retron_I_A__ATPase_TypeIA,Retron_I_A__HNH_TIGR02646,Retron__RT_Tot_1",GCF_024436235.1_ASM2443623v1_genomic_virus/viruses_defense_finder_systems.tsv
79,NZ_JANFMY010000010.1|provirus_84974_97419_DUF262_Shlafen_pSlfn7_1,DUF262_Shlafen,DUF262_Shlafen_pSlfn7,Defense,NZ_JANFMY010000010.1|provirus_84974_97419_4,NZ_JANFMY010000010.1|provirus_84974_97419_4,NZ_JANFMY010000010.1|provirus_84974_97419_4,1,DUF262_Shlafen_pSlfn7__pSlfn7,GCF_024436265.1_ASM2443626v1_genomic_virus/viruses_defense_finder_systems.tsv
80,NZ_JANFMX010000011.1|provirus_73429_85874_DUF262_Shlafen_pSlfn7_1,DUF262_Shlafen,DUF262_Shlafen_pSlfn7,Defense,NZ_JANFMX010000011.1|provirus_73429_85874_12,NZ_JANFMX010000011.1|provirus_73429_85874_12,NZ_JANFMX010000011.1|provirus_73429_85874_12,1,DUF262_Shlafen_pSlfn7__pSlfn7,GCF_024436315.1_ASM2443631v1_genomic_virus/viruses_defense_finder_systems.tsv
81,NZ_JANVCU010000001.1|provirus_1985247_2035328_Lugos_3,Lugos,Lugos,Defense,NZ_JANVCU010000001.1|provirus_1985247_2035328_33,NZ_JANVCU010000001.1|provirus_1985247_2035328_33,NZ_JANVCU010000001.1|provirus_1985247_2035328_33,1,Lugos__Lugos,GCF_025153555.1_ASM2515355v1_genomic_virus/viruses_defense_finder_systems.tsv
82,NZ_JANVCU010000001.1|provirus_1985247_2035328_Hachiman_1,Hachiman,Hachiman,Defense,NZ_JANVCU010000001.1|provirus_1985247_2035328_55,NZ_JANVCU010000001.1|provirus_1985247_2035328_56,"NZ_JANVCU010000001.1|provirus_1985247_2035328_55,NZ_JANVCU010000001.1|provirus_1985247_2035328_56",2,"Hachiman__HamA_1,Hachiman__HamB",GCF_025153555.1_ASM2515355v1_genomic_virus/viruses_defense_finder_systems.tsv
83,NZ_VFIK01000020.1|provirus_224_9433_PARIS_I_1,Paris,PARIS_I,Defense,NZ_VFIK01000020.1|provirus_224_9433_8,NZ_VFIK01000020.1|provirus_224_9433_9,"NZ_VFIK01000020.1|provirus_224_9433_8,NZ_VFIK01000020.1|provirus_224_9433_9",2,"Paris_I__AriA_AAA15,Paris_I__AriB_DUF4435_I",GCF_025388785.1_ASM2538878v1_genomic_virus/viruses_defense_finder_systems.tsv
84,NZ_VFIJ01000022.1|provirus_32161_41370_PARIS_I_1,Paris,PARIS_I,Defense,NZ_VFIJ01000022.1|provirus_32161_41370_4,NZ_VFIJ01000022.1|provirus_32161_41370_5,"NZ_VFIJ01000022.1|provirus_32161_41370_4,NZ_VFIJ01000022.1|provirus_32161_41370_5",2,"Paris_I__AriA_AAA15,Paris_I__AriB_DUF4435_I",GCF_025388825.1_ASM2538882v1_genomic_virus/viruses_defense_finder_systems.tsv
85,NZ_VFII01000018.1|provirus_224_9433_PARIS_I_1,Paris,PARIS_I,Defense,NZ_VFII01000018.1|provirus_224_9433_8,NZ_VFII01000018.1|provirus_224_9433_9,"NZ_VFII01000018.1|provirus_224_9433_8,NZ_VFII01000018.1|provirus_224_9433_9",2,"Paris_I__AriA_AAA15,Paris_I__AriB_DUF4435_I",GCF_025388855.1_ASM2538885v1_genomic_virus/viruses_defense_finder_systems.tsv
86,NZ_VFIG01000019.1|provirus_31977_41186_PARIS_I_1,Paris,PARIS_I,Defense,NZ_VFIG01000019.1|provirus_31977_41186_4,NZ_VFIG01000019.1|provirus_31977_41186_5,"NZ_VFIG01000019.1|provirus_31977_41186_4,NZ_VFIG01000019.1|provirus_31977_41186_5",2,"Paris_I__AriA_AAA15,Paris_I__AriB_DUF4435_I",GCF_025388925.1_ASM2538892v1_genomic_virus/viruses_defense_finder_systems.tsv
87,NZ_VFIF01000022.1|provirus_32161_41370_PARIS_I_1,Paris,PARIS_I,Defense,NZ_VFIF01000022.1|provirus_32161_41370_4,NZ_VFIF01000022.1|provirus_32161_41370_5,"NZ_VFIF01000022.1|provirus_32161_41370_4,NZ_VFIF01000022.1|provirus_32161_41370_5",2,"Paris_I__AriA_AAA15,Paris_I__AriB_DUF4435_I",GCF_025388945.1_ASM2538894v1_genomic_virus/viruses_defense_finder_systems.tsv
88,NZ_JAOVAZ010000001.1|provirus_2444006_2495321_Hachiman_1,Hachiman,Hachiman,Defense,NZ_JAOVAZ010000001.1|provirus_2444006_2495321_11,NZ_JAOVAZ010000001.1|provirus_2444006_2495321_12,"NZ_JAOVAZ010000001.1|provirus_2444006_2495321_11,NZ_JAOVAZ010000001.1|provirus_2444006_2495321_12",2,"Hachiman__HamA_1,Hachiman__HamB",GCF_025656905.1_ASM2565690v1_genomic_virus/viruses_defense_finder_systems.tsv
89,NZ_JAOVAZ010000001.1|provirus_2444006_2495321_Lugos_3,Lugos,Lugos,Defense,NZ_JAOVAZ010000001.1|provirus_2444006_2495321_34,NZ_JAOVAZ010000001.1|provirus_2444006_2495321_34,NZ_JAOVAZ010000001.1|provirus_2444006_2495321_34,1,Lugos__Lugos,GCF_025656905.1_ASM2565690v1_genomic_virus/viruses_defense_finder_systems.tsv
90,NZ_QXNN01000033.1|provirus_2_44007_DS-1_1,DS-1,DS-1,Defense,NZ_QXNN01000033.1|provirus_2_44007_24,NZ_QXNN01000033.1|provirus_2_44007_25,"NZ_QXNN01000033.1|provirus_2_44007_24,NZ_QXNN01000033.1|provirus_2_44007_25",2,"DS-1__DS-1A,DS-1__DS-1B",GCF_026233155.1_ASM2623315v1_genomic_virus/viruses_defense_finder_systems.tsv
91,NZ_RQRZ01000017.1|provirus_50263_101487_Sirona_1,Sirona,Sirona,Defense,NZ_RQRZ01000017.1|provirus_50263_101487_49,NZ_RQRZ01000017.1|provirus_50263_101487_49,NZ_RQRZ01000017.1|provirus_50263_101487_49,1,Sirona__VCA0356,GCF_026549045.1_ASM2654904v1_genomic_virus/viruses_defense_finder_systems.tsv
92,NZ_CP132353.1|provirus_2565986_2607174_Sucellos_2,Sucellos,Sucellos,Defense,NZ_CP132353.1|provirus_2565986_2607174_39,NZ_CP132353.1|provirus_2565986_2607174_40,"NZ_CP132353.1|provirus_2565986_2607174_39,NZ_CP132353.1|provirus_2565986_2607174_40",2,"Sucellos__SclA_VCA0367,Sucellos__SclB_VCA0368",GCF_030758455.1_ASM3075845v1_genomic_virus/viruses_defense_finder_systems.tsv
93,NZ_CP132353.1|provirus_2565986_2607174_AbiC_1,AbiC,AbiC,Defense,NZ_CP132353.1|provirus_2565986_2607174_44,NZ_CP132353.1|provirus_2565986_2607174_44,NZ_CP132353.1|provirus_2565986_2607174_44,1,AbiC__AbiC,GCF_030758455.1_ASM3075845v1_genomic_virus/viruses_defense_finder_systems.tsv
94,NZ_DALZCD010000078.1_PhiR47_GevAT_1,PhiR47_GevAT,PhiR47_GevAT,Defense,NZ_DALZCD010000078.1_12,NZ_DALZCD010000078.1_14,"NZ_DALZCD010000078.1_12,NZ_DALZCD010000078.1_13,NZ_DALZCD010000078.1_14",3,"PhiR47_GevAT__GevA,PhiR47_GevAT__GevT,PhiR47_GevAT__GevT",GCF_031978025.1_ASM3197802v1_genomic_virus/viruses_defense_finder_systems.tsv
95,NZ_CP142201.1|provirus_597077_627716_DNA_met_RM_Type_II_PDDEXK_2,RM_Type_II,DNA_met_RM_Type_II_PDDEXK,Defense,NZ_CP142201.1|provirus_597077_627716_14,NZ_CP142201.1|provirus_597077_627716_15,"NZ_CP142201.1|provirus_597077_627716_14,NZ_CP142201.1|provirus_597077_627716_15",2,"RM_Type_II__Type_II_MTases_FAM_0,RM_Type_II__Type_II_REase17",GCF_036865485.1_ASM3686548v1_genomic_virus/viruses_defense_finder_systems.tsv
96,NZ_CP142201.1|provirus_1213324_1276726_TgvAB_1,TgvAB,TgvAB,Defense,NZ_CP142201.1|provirus_1213324_1276726_92,NZ_CP142201.1|provirus_1213324_1276726_93,"NZ_CP142201.1|provirus_1213324_1276726_92,NZ_CP142201.1|provirus_1213324_1276726_93",2,"TgvAB__TgvA,TgvAB__TgvB",GCF_036865485.1_ASM3686548v1_genomic_virus/viruses_defense_finder_systems.tsv
97,NZ_CP142202.1|provirus_597749_628390_DNA_met_RM_Type_II_PDDEXK_1,RM_Type_II,DNA_met_RM_Type_II_PDDEXK,Defense,NZ_CP142202.1|provirus_597749_628390_14,NZ_CP142202.1|provirus_597749_628390_16,"NZ_CP142202.1|provirus_597749_628390_14,NZ_CP142202.1|provirus_597749_628390_16",2,"RM_Type_II__Type_II_MTases_FAM_0,RM_Type_II__Type_II_REase17",GCF_036865495.1_ASM3686549v1_genomic_virus/viruses_defense_finder_systems.tsv
98,NZ_CP142205.1|provirus_597184_627827_RM_Type_II_2,RM,RM_Type_II,Defense,NZ_CP142205.1|provirus_597184_627827_14,NZ_CP142205.1|provirus_597184_627827_15,"NZ_CP142205.1|provirus_597184_627827_14,NZ_CP142205.1|provirus_597184_627827_15",2,"RM_Type_II__Type_II_MTases_FAM_0,RM_Type_II__Type_II_REase17",GCF_036865525.1_ASM3686552v1_genomic_virus/viruses_defense_finder_systems.tsv
99,NZ_CP142207.1|provirus_597145_627787_RM_Type_II_2,RM,RM_Type_II,Defense,NZ_CP142207.1|provirus_597145_627787_14,NZ_CP142207.1|provirus_597145_627787_15,"NZ_CP142207.1|provirus_597145_627787_14,NZ_CP142207.1|provirus_597145_627787_15",2,"RM_Type_II__Type_II_MTases_FAM_0,RM_Type_II__Type_II_REase17",GCF_036865535.1_ASM3686553v1_genomic_virus/viruses_defense_finder_systems.tsv
100,NZ_CP142208.1|provirus_597218_627861_RM_Type_II_2,RM,RM_Type_II,Defense,NZ_CP142208.1|provirus_597218_627861_14,NZ_CP142208.1|provirus_597218_627861_15,"NZ_CP142208.1|provirus_597218_627861_14,NZ_CP142208.1|provirus_597218_627861_15",2,"RM_Type_II__Type_II_MTases_FAM_0,RM_Type_II__Type_II_REase17",GCF_036865545.1_ASM3686554v1_genomic_virus/viruses_defense_finder_systems.tsv
101,NZ_CP142210.1|provirus_3859753_3893659_RM_Type_II_2,RM,RM_Type_II,Defense,NZ_CP142210.1|provirus_3859753_3893659_29,NZ_CP142210.1|provirus_3859753_3893659_34,"NZ_CP142210.1|provirus_3859753_3893659_29,NZ_CP142210.1|provirus_3859753_3893659_30,NZ_CP142210.1|provirus_3859753_3893659_31,NZ_CP142210.1|provirus_3859753_3893659_34",4,"RM_Type_II__Type_II_MTases_FAM_0,RM_Type_II__Type_II_MTases_FAM_4,RM_Type_II__Type_II_REase09,RM_Type_II__Type_II_REase24",GCF_036865565.1_ASM3686556v1_genomic_virus/viruses_defense_finder_systems.tsv
102,NZ_CP142234.1|provirus_591034_611259_SDIC3_2,SDIC3,SDIC3,Defense,NZ_CP142234.1|provirus_591034_611259_11,NZ_CP142234.1|provirus_591034_611259_16,"NZ_CP142234.1|provirus_591034_611259_11,NZ_CP142234.1|provirus_591034_611259_13,NZ_CP142234.1|provirus_591034_611259_14,NZ_CP142234.1|provirus_591034_611259_15,NZ_CP142234.1|provirus_591034_611259_16",5,"SDIC3__SDIC3B,SDIC3__SDIC3B,SDIC3__SDIC3C,SDIC3__SDIC3D,SDIC3__SDIC3E",GCF_036865685.1_ASM3686568v1_genomic_virus/viruses_defense_finder_systems.tsv
103,NZ_CP142234.1|provirus_591034_611259_RM_Type_III_6,RM,RM_Type_III,Defense,NZ_CP142234.1|provirus_591034_611259_20,NZ_CP142234.1|provirus_591034_611259_21,"NZ_CP142234.1|provirus_591034_611259_20,NZ_CP142234.1|provirus_591034_611259_21",2,"RM_Type_III__Type_III_MTases_FAM_0,RM_Type_III__Type_III_REases_FAM_0.einsi_trimmed",GCF_036865685.1_ASM3686568v1_genomic_virus/viruses_defense_finder_systems.tsv
104,NZ_CP142234.1|provirus_1333901_1423744_mEpX1_Nun_1,mEpX1_Nun,mEpX1_Nun,Defense,NZ_CP142234.1|provirus_1333901_1423744_19,NZ_CP142234.1|provirus_1333901_1423744_19,NZ_CP142234.1|provirus_1333901_1423744_19,1,mEpX1_Nun__Nun,GCF_036865685.1_ASM3686568v1_genomic_virus/viruses_defense_finder_systems.tsv
105,NZ_CP142234.1|provirus_3871022_3903753_RM_Type_II_4,RM,RM_Type_II,Defense,NZ_CP142234.1|provirus_3871022_3903753_29,NZ_CP142234.1|provirus_3871022_3903753_36,"NZ_CP142234.1|provirus_3871022_3903753_29,NZ_CP142234.1|provirus_3871022_3903753_30,NZ_CP142234.1|provirus_3871022_3903753_36",3,"RM_Type_II__Type_II_MTases_FAM_0,RM_Type_II__Type_II_MTases_FAM_4,RM_Type_II__Type_II_REase17",GCF_036865685.1_ASM3686568v1_genomic_virus/viruses_defense_finder_systems.tsv
106,NZ_CP142236.1|provirus_1333888_1423724_mEpX1_Nun_1,mEpX1_Nun,mEpX1_Nun,Defense,NZ_CP142236.1|provirus_1333888_1423724_19,NZ_CP142236.1|provirus_1333888_1423724_19,NZ_CP142236.1|provirus_1333888_1423724_19,1,mEpX1_Nun__Nun,GCF_036865695.1_ASM3686569v1_genomic_virus/viruses_defense_finder_systems.tsv
107,NZ_CP142236.1|provirus_3871000_3903732_RM_Type_II_3,RM,RM_Type_II,Defense,NZ_CP142236.1|provirus_3871000_3903732_28,NZ_CP142236.1|provirus_3871000_3903732_35,"NZ_CP142236.1|provirus_3871000_3903732_28,NZ_CP142236.1|provirus_3871000_3903732_29,NZ_CP142236.1|provirus_3871000_3903732_35",3,"RM_Type_II__Type_II_MTases_FAM_0,RM_Type_II__Type_II_MTases_FAM_4,RM_Type_II__Type_II_REase17",GCF_036865695.1_ASM3686569v1_genomic_virus/viruses_defense_finder_systems.tsv
108,NZ_CP142238.1|provirus_590777_611248_SDIC3_1,SDIC3,SDIC3,Defense,NZ_CP142238.1|provirus_590777_611248_12,NZ_CP142238.1|provirus_590777_611248_17,"NZ_CP142238.1|provirus_590777_611248_12,NZ_CP142238.1|provirus_590777_611248_14,NZ_CP142238.1|provirus_590777_611248_15,NZ_CP142238.1|provirus_590777_611248_16,NZ_CP142238.1|provirus_590777_611248_17",5,"SDIC3__SDIC3B,SDIC3__SDIC3B,SDIC3__SDIC3C,SDIC3__SDIC3D,SDIC3__SDIC3E",GCF_036865705.1_ASM3686570v1_genomic_virus/viruses_defense_finder_systems.tsv
109,NZ_CP142238.1|provirus_590777_611248_N6_N4_RM_Type_III_5,RM_Type_III,N6_N4_RM_Type_III,Defense,NZ_CP142238.1|provirus_590777_611248_21,NZ_CP142238.1|provirus_590777_611248_22,"NZ_CP142238.1|provirus_590777_611248_21,NZ_CP142238.1|provirus_590777_611248_22",2,"RM_Type_III__Type_III_MTases_FAM_0,RM_Type_III__Type_III_REases_FAM_0.einsi_trimmed",GCF_036865705.1_ASM3686570v1_genomic_virus/viruses_defense_finder_systems.tsv
110,NZ_CP142238.1|provirus_1333873_1423711_mEpX1_Nun_2,mEpX1_Nun,mEpX1_Nun,Defense,NZ_CP142238.1|provirus_1333873_1423711_19,NZ_CP142238.1|provirus_1333873_1423711_19,NZ_CP142238.1|provirus_1333873_1423711_19,1,mEpX1_Nun__Nun,GCF_036865705.1_ASM3686570v1_genomic_virus/viruses_defense_finder_systems.tsv
111,NZ_CP142238.1|provirus_3870904_3903629_RM_Type_II_4,RM,RM_Type_II,Defense,NZ_CP142238.1|provirus_3870904_3903629_29,NZ_CP142238.1|provirus_3870904_3903629_36,"NZ_CP142238.1|provirus_3870904_3903629_29,NZ_CP142238.1|provirus_3870904_3903629_30,NZ_CP142238.1|provirus_3870904_3903629_36",3,"RM_Type_II__Type_II_MTases_FAM_0,RM_Type_II__Type_II_MTases_FAM_4,RM_Type_II__Type_II_REase17",GCF_036865705.1_ASM3686570v1_genomic_virus/viruses_defense_finder_systems.tsv
112,NZ_CP142239.1|provirus_591057_611285_SDIC3_1,SDIC3,SDIC3,Defense,NZ_CP142239.1|provirus_591057_611285_11,NZ_CP142239.1|provirus_591057_611285_16,"NZ_CP142239.1|provirus_591057_611285_11,NZ_CP142239.1|provirus_591057_611285_13,NZ_CP142239.1|provirus_591057_611285_14,NZ_CP142239.1|provirus_591057_611285_15,NZ_CP142239.1|provirus_591057_611285_16",5,"SDIC3__SDIC3B,SDIC3__SDIC3B,SDIC3__SDIC3C,SDIC3__SDIC3D,SDIC3__SDIC3E",GCF_036865715.1_ASM3686571v1_genomic_virus/viruses_defense_finder_systems.tsv
113,NZ_CP142239.1|provirus_591057_611285_RM_Type_III_4,RM,RM_Type_III,Defense,NZ_CP142239.1|provirus_591057_611285_20,NZ_CP142239.1|provirus_591057_611285_21,"NZ_CP142239.1|provirus_591057_611285_20,NZ_CP142239.1|provirus_591057_611285_21",2,"RM_Type_III__Type_III_MTases_FAM_0,RM_Type_III__Type_III_REases_FAM_0.einsi_trimmed",GCF_036865715.1_ASM3686571v1_genomic_virus/viruses_defense_finder_systems.tsv
114,NZ_CP142239.1|provirus_1333926_1423767_mEpX1_Nun_2,mEpX1_Nun,mEpX1_Nun,Defense,NZ_CP142239.1|provirus_1333926_1423767_19,NZ_CP142239.1|provirus_1333926_1423767_19,NZ_CP142239.1|provirus_1333926_1423767_19,1,mEpX1_Nun__Nun,GCF_036865715.1_ASM3686571v1_genomic_virus/viruses_defense_finder_systems.tsv
115,NZ_CP142239.1|provirus_3871041_3903770_RM_Type_II_6,RM,RM_Type_II,Defense,NZ_CP142239.1|provirus_3871041_3903770_29,NZ_CP142239.1|provirus_3871041_3903770_31,"NZ_CP142239.1|provirus_3871041_3903770_29,NZ_CP142239.1|provirus_3871041_3903770_31",2,"RM_Type_II__Type_II_MTases_FAM_0,RM_Type_II__Type_II_REase17",GCF_036865715.1_ASM3686571v1_genomic_virus/viruses_defense_finder_systems.tsv
116,NZ_CP142241.1|provirus_591044_611272_SDIC3_1,SDIC3,SDIC3,Defense,NZ_CP142241.1|provirus_591044_611272_11,NZ_CP142241.1|provirus_591044_611272_16,"NZ_CP142241.1|provirus_591044_611272_11,NZ_CP142241.1|provirus_591044_611272_13,NZ_CP142241.1|provirus_591044_611272_14,NZ_CP142241.1|provirus_591044_611272_15,NZ_CP142241.1|provirus_591044_611272_16",5,"SDIC3__SDIC3B,SDIC3__SDIC3B,SDIC3__SDIC3C,SDIC3__SDIC3D,SDIC3__SDIC3E",GCF_036865725.1_ASM3686572v1_genomic_virus/viruses_defense_finder_systems.tsv
117,NZ_CP142241.1|provirus_591044_611272_N6_N4_RM_Type_III_5,RM_Type_III,N6_N4_RM_Type_III,Defense,NZ_CP142241.1|provirus_591044_611272_20,NZ_CP142241.1|provirus_591044_611272_21,"NZ_CP142241.1|provirus_591044_611272_20,NZ_CP142241.1|provirus_591044_611272_21",2,"RM_Type_III__Type_III_MTases_FAM_0,RM_Type_III__Type_III_REases_FAM_0.einsi_trimmed",GCF_036865725.1_ASM3686572v1_genomic_virus/viruses_defense_finder_systems.tsv
118,NZ_CP142241.1|provirus_1333924_1423763_mEpX1_Nun_2,mEpX1_Nun,mEpX1_Nun,Defense,NZ_CP142241.1|provirus_1333924_1423763_19,NZ_CP142241.1|provirus_1333924_1423763_19,NZ_CP142241.1|provirus_1333924_1423763_19,1,mEpX1_Nun__Nun,GCF_036865725.1_ASM3686572v1_genomic_virus/viruses_defense_finder_systems.tsv
119,NZ_CP142241.1|provirus_3871035_3903766_RM_Type_II_4,RM,RM_Type_II,Defense,NZ_CP142241.1|provirus_3871035_3903766_28,NZ_CP142241.1|provirus_3871035_3903766_35,"NZ_CP142241.1|provirus_3871035_3903766_28,NZ_CP142241.1|provirus_3871035_3903766_29,NZ_CP142241.1|provirus_3871035_3903766_35",3,"RM_Type_II__Type_II_MTases_FAM_0,RM_Type_II__Type_II_MTases_FAM_4,RM_Type_II__Type_II_REase17",GCF_036865725.1_ASM3686572v1_genomic_virus/viruses_defense_finder_systems.tsv
120,NZ_CP142243.1|provirus_591044_611270_SDIC3_2,SDIC3,SDIC3,Defense,NZ_CP142243.1|provirus_591044_611270_11,NZ_CP142243.1|provirus_591044_611270_16,"NZ_CP142243.1|provirus_591044_611270_11,NZ_CP142243.1|provirus_591044_611270_13,NZ_CP142243.1|provirus_591044_611270_14,NZ_CP142243.1|provirus_591044_611270_15,NZ_CP142243.1|provirus_591044_611270_16",5,"SDIC3__SDIC3B,SDIC3__SDIC3B,SDIC3__SDIC3C,SDIC3__SDIC3D,SDIC3__SDIC3E",GCF_036865735.1_ASM3686573v1_genomic_virus/viruses_defense_finder_systems.tsv
121,NZ_CP142243.1|provirus_591044_611270_RM_Type_III_6,RM,RM_Type_III,Defense,NZ_CP142243.1|provirus_591044_611270_20,NZ_CP142243.1|provirus_591044_611270_21,"NZ_CP142243.1|provirus_591044_611270_20,NZ_CP142243.1|provirus_591044_611270_21",2,"RM_Type_III__Type_III_MTases_FAM_0,RM_Type_III__Type_III_REases_FAM_0.einsi_trimmed",GCF_036865735.1_ASM3686573v1_genomic_virus/viruses_defense_finder_systems.tsv
122,NZ_CP142243.1|provirus_1333935_1423773_mEpX1_Nun_1,mEpX1_Nun,mEpX1_Nun,Defense,NZ_CP142243.1|provirus_1333935_1423773_19,NZ_CP142243.1|provirus_1333935_1423773_19,NZ_CP142243.1|provirus_1333935_1423773_19,1,mEpX1_Nun__Nun,GCF_036865735.1_ASM3686573v1_genomic_virus/viruses_defense_finder_systems.tsv
123,NZ_CP142243.1|provirus_3871069_3903800_RM_Type_II_4,RM,RM_Type_II,Defense,NZ_CP142243.1|provirus_3871069_3903800_29,NZ_CP142243.1|provirus_3871069_3903800_36,"NZ_CP142243.1|provirus_3871069_3903800_29,NZ_CP142243.1|provirus_3871069_3903800_30,NZ_CP142243.1|provirus_3871069_3903800_36",3,"RM_Type_II__Type_II_MTases_FAM_0,RM_Type_II__Type_II_MTases_FAM_4,RM_Type_II__Type_II_REase17",GCF_036865735.1_ASM3686573v1_genomic_virus/viruses_defense_finder_systems.tsv
124,NZ_CP142245.1|provirus_1333712_1423549_mEpX1_Nun_1,mEpX1_Nun,mEpX1_Nun,Defense,NZ_CP142245.1|provirus_1333712_1423549_18,NZ_CP142245.1|provirus_1333712_1423549_18,NZ_CP142245.1|provirus_1333712_1423549_18,1,mEpX1_Nun__Nun,GCF_036865745.1_ASM3686574v1_genomic_virus/viruses_defense_finder_systems.tsv
125,NZ_CP142245.1|provirus_3871003_3903736_RM_Type_II_3,RM,RM_Type_II,Defense,NZ_CP142245.1|provirus_3871003_3903736_27,NZ_CP142245.1|provirus_3871003_3903736_34,"NZ_CP142245.1|provirus_3871003_3903736_27,NZ_CP142245.1|provirus_3871003_3903736_28,NZ_CP142245.1|provirus_3871003_3903736_34",3,"RM_Type_II__Type_II_MTases_FAM_0,RM_Type_II__Type_II_MTases_FAM_4,RM_Type_II__Type_II_REase17",GCF_036865745.1_ASM3686574v1_genomic_virus/viruses_defense_finder_systems.tsv
126,NZ_CP142271.1|provirus_590585_610800_SDIC3_1,SDIC3,SDIC3,Defense,NZ_CP142271.1|provirus_590585_610800_8,NZ_CP142271.1|provirus_590585_610800_13,"NZ_CP142271.1|provirus_590585_610800_8,NZ_CP142271.1|provirus_590585_610800_10,NZ_CP142271.1|provirus_590585_610800_11,NZ_CP142271.1|provirus_590585_610800_12,NZ_CP142271.1|provirus_590585_610800_13",5,"SDIC3__SDIC3B,SDIC3__SDIC3B,SDIC3__SDIC3C,SDIC3__SDIC3D,SDIC3__SDIC3E",GCF_036865925.1_ASM3686592v1_genomic_virus/viruses_defense_finder_systems.tsv
127,NZ_CP142271.1|provirus_590585_610800_RM_Type_III_3,RM,RM_Type_III,Defense,NZ_CP142271.1|provirus_590585_610800_18,NZ_CP142271.1|provirus_590585_610800_19,"NZ_CP142271.1|provirus_590585_610800_18,NZ_CP142271.1|provirus_590585_610800_19",2,"RM_Type_III__Type_III_MTases_FAM_0,RM_Type_III__Type_III_REases_FAM_0.einsi_trimmed",GCF_036865925.1_ASM3686592v1_genomic_virus/viruses_defense_finder_systems.tsv
128,NZ_CP142276.1|provirus_590586_611453_SDIC3_1,SDIC3,SDIC3,Defense,NZ_CP142276.1|provirus_590586_611453_7,NZ_CP142276.1|provirus_590586_611453_12,"NZ_CP142276.1|provirus_590586_611453_7,NZ_CP142276.1|provirus_590586_611453_9,NZ_CP142276.1|provirus_590586_611453_10,NZ_CP142276.1|provirus_590586_611453_11,NZ_CP142276.1|provirus_590586_611453_12",5,"SDIC3__SDIC3B,SDIC3__SDIC3B,SDIC3__SDIC3C,SDIC3__SDIC3D,SDIC3__SDIC3E",GCF_036865975.1_ASM3686597v1_genomic_virus/viruses_defense_finder_systems.tsv
129,NZ_CP142276.1|provirus_590586_611453_RM_Type_III_3,RM,RM_Type_III,Defense,NZ_CP142276.1|provirus_590586_611453_16,NZ_CP142276.1|provirus_590586_611453_17,"NZ_CP142276.1|provirus_590586_611453_16,NZ_CP142276.1|provirus_590586_611453_17",2,"RM_Type_III__Type_III_MTases_FAM_0,RM_Type_III__Type_III_REases_FAM_0.einsi_trimmed",GCF_036865975.1_ASM3686597v1_genomic_virus/viruses_defense_finder_systems.tsv
130,NZ_CP142285.1|provirus_1722285_1771514_mEpX1_Nun_1,mEpX1_Nun,mEpX1_Nun,Defense,NZ_CP142285.1|provirus_1722285_1771514_18,NZ_CP142285.1|provirus_1722285_1771514_18,NZ_CP142285.1|provirus_1722285_1771514_18,1,mEpX1_Nun__Nun,GCF_036866035.1_ASM3686603v1_genomic_virus/viruses_defense_finder_systems.tsv
131,NZ_CP142286.1|provirus_1722330_1771560_mEpX1_Nun_1,mEpX1_Nun,mEpX1_Nun,Defense,NZ_CP142286.1|provirus_1722330_1771560_18,NZ_CP142286.1|provirus_1722330_1771560_18,NZ_CP142286.1|provirus_1722330_1771560_18,1,mEpX1_Nun__Nun,GCF_036866045.1_ASM3686604v1_genomic_virus/viruses_defense_finder_systems.tsv
132,NZ_CP142288.1|provirus_1722261_1771490_mEpX1_Nun_1,mEpX1_Nun,mEpX1_Nun,Defense,NZ_CP142288.1|provirus_1722261_1771490_18,NZ_CP142288.1|provirus_1722261_1771490_18,NZ_CP142288.1|provirus_1722261_1771490_18,1,mEpX1_Nun__Nun,GCF_036866055.1_ASM3686605v1_genomic_virus/viruses_defense_finder_systems.tsv
133,NZ_CP142304.1|provirus_1333912_1423749_mEpX1_Nun_1,mEpX1_Nun,mEpX1_Nun,Defense,NZ_CP142304.1|provirus_1333912_1423749_19,NZ_CP142304.1|provirus_1333912_1423749_19,NZ_CP142304.1|provirus_1333912_1423749_19,1,mEpX1_Nun__Nun,GCF_036866135.1_ASM3686613v1_genomic_virus/viruses_defense_finder_systems.tsv
134,NZ_CP142304.1|provirus_3911776_3944504_RM_Type_II_3,RM,RM_Type_II,Defense,NZ_CP142304.1|provirus_3911776_3944504_30,NZ_CP142304.1|provirus_3911776_3944504_37,"NZ_CP142304.1|provirus_3911776_3944504_30,NZ_CP142304.1|provirus_3911776_3944504_31,NZ_CP142304.1|provirus_3911776_3944504_37",3,"RM_Type_II__Type_II_MTases_FAM_0,RM_Type_II__Type_II_MTases_FAM_4,RM_Type_II__Type_II_REase17",GCF_036866135.1_ASM3686613v1_genomic_virus/viruses_defense_finder_systems.tsv
135,NZ_CP142306.1|provirus_1333926_1423766_mEpX1_Nun_1,mEpX1_Nun,mEpX1_Nun,Defense,NZ_CP142306.1|provirus_1333926_1423766_19,NZ_CP142306.1|provirus_1333926_1423766_19,NZ_CP142306.1|provirus_1333926_1423766_19,1,mEpX1_Nun__Nun,GCF_036866145.1_ASM3686614v1_genomic_virus/viruses_defense_finder_systems.tsv
136,NZ_CP142306.1|provirus_3871025_3903755_RM_Type_II_3,RM,RM_Type_II,Defense,NZ_CP142306.1|provirus_3871025_3903755_29,NZ_CP142306.1|provirus_3871025_3903755_36,"NZ_CP142306.1|provirus_3871025_3903755_29,NZ_CP142306.1|provirus_3871025_3903755_30,NZ_CP142306.1|provirus_3871025_3903755_36",3,"RM_Type_II__Type_II_MTases_FAM_0,RM_Type_II__Type_II_MTases_FAM_4,RM_Type_II__Type_II_REase17",GCF_036866145.1_ASM3686614v1_genomic_virus/viruses_defense_finder_systems.tsv
137,NZ_CP142308.1|provirus_1333944_1423783_mEpX1_Nun_1,mEpX1_Nun,mEpX1_Nun,Defense,NZ_CP142308.1|provirus_1333944_1423783_19,NZ_CP142308.1|provirus_1333944_1423783_19,NZ_CP142308.1|provirus_1333944_1423783_19,1,mEpX1_Nun__Nun,GCF_036866155.1_ASM3686615v1_genomic_virus/viruses_defense_finder_systems.tsv
138,NZ_CP142308.1|provirus_3870995_3903723_RM_Type_II_3,RM,RM_Type_II,Defense,NZ_CP142308.1|provirus_3870995_3903723_28,NZ_CP142308.1|provirus_3870995_3903723_35,"NZ_CP142308.1|provirus_3870995_3903723_28,NZ_CP142308.1|provirus_3870995_3903723_29,NZ_CP142308.1|provirus_3870995_3903723_35",3,"RM_Type_II__Type_II_MTases_FAM_0,RM_Type_II__Type_II_MTases_FAM_4,RM_Type_II__Type_II_REase17",GCF_036866155.1_ASM3686615v1_genomic_virus/viruses_defense_finder_systems.tsv
139,NZ_CP142310.1|provirus_591032_611260_SDIC3_1,SDIC3,SDIC3,Defense,NZ_CP142310.1|provirus_591032_611260_11,NZ_CP142310.1|provirus_591032_611260_16,"NZ_CP142310.1|provirus_591032_611260_11,NZ_CP142310.1|provirus_591032_611260_13,NZ_CP142310.1|provirus_591032_611260_14,NZ_CP142310.1|provirus_591032_611260_15,NZ_CP142310.1|provirus_591032_611260_16",5,"SDIC3__SDIC3B,SDIC3__SDIC3B,SDIC3__SDIC3C,SDIC3__SDIC3D,SDIC3__SDIC3E",GCF_036866165.1_ASM3686616v1_genomic_virus/viruses_defense_finder_systems.tsv
140,NZ_CP142310.1|provirus_591032_611260_N6_N4_RM_Type_III_5,RM_Type_III,N6_N4_RM_Type_III,Defense,NZ_CP142310.1|provirus_591032_611260_21,NZ_CP142310.1|provirus_591032_611260_22,"NZ_CP142310.1|provirus_591032_611260_21,NZ_CP142310.1|provirus_591032_611260_22",2,"RM_Type_III__Type_III_MTases_FAM_0,RM_Type_III__Type_III_REases_FAM_0.einsi_trimmed",GCF_036866165.1_ASM3686616v1_genomic_virus/viruses_defense_finder_systems.tsv
141,NZ_CP142310.1|provirus_1333896_1423738_mEpX1_Nun_2,mEpX1_Nun,mEpX1_Nun,Defense,NZ_CP142310.1|provirus_1333896_1423738_19,NZ_CP142310.1|provirus_1333896_1423738_19,NZ_CP142310.1|provirus_1333896_1423738_19,1,mEpX1_Nun__Nun,GCF_036866165.1_ASM3686616v1_genomic_virus/viruses_defense_finder_systems.tsv
142,NZ_CP142310.1|provirus_3871015_3903744_RM_Type_II_4,RM,RM_Type_II,Defense,NZ_CP142310.1|provirus_3871015_3903744_30,NZ_CP142310.1|provirus_3871015_3903744_37,"NZ_CP142310.1|provirus_3871015_3903744_30,NZ_CP142310.1|provirus_3871015_3903744_31,NZ_CP142310.1|provirus_3871015_3903744_37",3,"RM_Type_II__Type_II_MTases_FAM_0,RM_Type_II__Type_II_MTases_FAM_4,RM_Type_II__Type_II_REase17",GCF_036866165.1_ASM3686616v1_genomic_virus/viruses_defense_finder_systems.tsv
143,NZ_CP142312.1|provirus_591058_611286_SDIC3_1,SDIC3,SDIC3,Defense,NZ_CP142312.1|provirus_591058_611286_11,NZ_CP142312.1|provirus_591058_611286_16,"NZ_CP142312.1|provirus_591058_611286_11,NZ_CP142312.1|provirus_591058_611286_13,NZ_CP142312.1|provirus_591058_611286_14,NZ_CP142312.1|provirus_591058_611286_15,NZ_CP142312.1|provirus_591058_611286_16",5,"SDIC3__SDIC3B,SDIC3__SDIC3B,SDIC3__SDIC3C,SDIC3__SDIC3D,SDIC3__SDIC3E",GCF_036866175.1_ASM3686617v1_genomic_virus/viruses_defense_finder_systems.tsv
144,NZ_CP142312.1|provirus_591058_611286_N6_N4_RM_Type_III_5,RM_Type_III,N6_N4_RM_Type_III,Defense,NZ_CP142312.1|provirus_591058_611286_20,NZ_CP142312.1|provirus_591058_611286_21,"NZ_CP142312.1|provirus_591058_611286_20,NZ_CP142312.1|provirus_591058_611286_21",2,"RM_Type_III__Type_III_MTases_FAM_0,RM_Type_III__Type_III_REases_FAM_0.einsi_trimmed",GCF_036866175.1_ASM3686617v1_genomic_virus/viruses_defense_finder_systems.tsv
145,NZ_CP142312.1|provirus_1333941_1423780_mEpX1_Nun_2,mEpX1_Nun,mEpX1_Nun,Defense,NZ_CP142312.1|provirus_1333941_1423780_19,NZ_CP142312.1|provirus_1333941_1423780_19,NZ_CP142312.1|provirus_1333941_1423780_19,1,mEpX1_Nun__Nun,GCF_036866175.1_ASM3686617v1_genomic_virus/viruses_defense_finder_systems.tsv
146,NZ_CP142312.1|provirus_3871069_3903800_RM_Type_II_4,RM,RM_Type_II,Defense,NZ_CP142312.1|provirus_3871069_3903800_28,NZ_CP142312.1|provirus_3871069_3903800_35,"NZ_CP142312.1|provirus_3871069_3903800_28,NZ_CP142312.1|provirus_3871069_3903800_29,NZ_CP142312.1|provirus_3871069_3903800_35",3,"RM_Type_II__Type_II_MTases_FAM_0,RM_Type_II__Type_II_MTases_FAM_4,RM_Type_II__Type_II_REase17",GCF_036866175.1_ASM3686617v1_genomic_virus/viruses_defense_finder_systems.tsv
147,NZ_CP142315.1|provirus_1333883_1423720_mEpX1_Nun_1,mEpX1_Nun,mEpX1_Nun,Defense,NZ_CP142315.1|provirus_1333883_1423720_19,NZ_CP142315.1|provirus_1333883_1423720_19,NZ_CP142315.1|provirus_1333883_1423720_19,1,mEpX1_Nun__Nun,GCF_036866195.1_ASM3686619v1_genomic_virus/viruses_defense_finder_systems.tsv
148,NZ_CP142315.1|provirus_3911711_3944438_RM_Type_II_3,RM,RM_Type_II,Defense,NZ_CP142315.1|provirus_3911711_3944438_29,NZ_CP142315.1|provirus_3911711_3944438_36,"NZ_CP142315.1|provirus_3911711_3944438_29,NZ_CP142315.1|provirus_3911711_3944438_30,NZ_CP142315.1|provirus_3911711_3944438_36",3,"RM_Type_II__Type_II_MTases_FAM_0,RM_Type_II__Type_II_MTases_FAM_4,RM_Type_II__Type_II_REase17",GCF_036866195.1_ASM3686619v1_genomic_virus/viruses_defense_finder_systems.tsv
149,NZ_CP142329.1|provirus_4358412_4390805_RosmerTA_1,RosmerTA,RosmerTA,Defense,NZ_CP142329.1|provirus_4358412_4390805_31,NZ_CP142329.1|provirus_4358412_4390805_32,"NZ_CP142329.1|provirus_4358412_4390805_31,NZ_CP142329.1|provirus_4358412_4390805_32",2,"RosmerTA__RmrA_2585209417,RosmerTA__RmrT_2585209417",GCF_036866325.1_ASM3686632v1_genomic_virus/viruses_defense_finder_systems.tsv
150,NZ_CP142331.1|provirus_589331_611350_SDIC3_1,SDIC3,SDIC3,Defense,NZ_CP142331.1|provirus_589331_611350_10,NZ_CP142331.1|provirus_589331_611350_15,"NZ_CP142331.1|provirus_589331_611350_10,NZ_CP142331.1|provirus_589331_611350_12,NZ_CP142331.1|provirus_589331_611350_14,NZ_CP142331.1|provirus_589331_611350_15",4,"SDIC3__SDIC3B,SDIC3__SDIC3B,SDIC3__SDIC3D,SDIC3__SDIC3E",GCF_036866345.1_ASM3686634v1_genomic_virus/viruses_defense_finder_systems.tsv
151,NZ_CP142331.1|provirus_589331_611350_RM_Type_III_3,RM,RM_Type_III,Defense,NZ_CP142331.1|provirus_589331_611350_20,NZ_CP142331.1|provirus_589331_611350_21,"NZ_CP142331.1|provirus_589331_611350_20,NZ_CP142331.1|provirus_589331_611350_21",2,"RM_Type_III__Type_III_MTases_FAM_0,RM_Type_III__Type_III_REases_FAM_0.einsi_trimmed",GCF_036866345.1_ASM3686634v1_genomic_virus/viruses_defense_finder_systems.tsv
152,NZ_CP142333.1|provirus_589434_611455_SDIC3_1,SDIC3,SDIC3,Defense,NZ_CP142333.1|provirus_589434_611455_9,NZ_CP142333.1|provirus_589434_611455_14,"NZ_CP142333.1|provirus_589434_611455_9,NZ_CP142333.1|provirus_589434_611455_11,NZ_CP142333.1|provirus_589434_611455_12,NZ_CP142333.1|provirus_589434_611455_13,NZ_CP142333.1|provirus_589434_611455_14",5,"SDIC3__SDIC3B,SDIC3__SDIC3B,SDIC3__SDIC3C,SDIC3__SDIC3D,SDIC3__SDIC3E",GCF_036866355.1_ASM3686635v1_genomic_virus/viruses_defense_finder_systems.tsv
153,NZ_CP142333.1|provirus_589434_611455_RM_Type_III_3,RM,RM_Type_III,Defense,NZ_CP142333.1|provirus_589434_611455_18,NZ_CP142333.1|provirus_589434_611455_19,"NZ_CP142333.1|provirus_589434_611455_18,NZ_CP142333.1|provirus_589434_611455_19",2,"RM_Type_III__Type_III_MTases_FAM_0,RM_Type_III__Type_III_REases_FAM_0.einsi_trimmed",GCF_036866355.1_ASM3686635v1_genomic_virus/viruses_defense_finder_systems.tsv
154,NZ_CP142335.1|provirus_590545_611412_SDIC3_1,SDIC3,SDIC3,Defense,NZ_CP142335.1|provirus_590545_611412_8,NZ_CP142335.1|provirus_590545_611412_13,"NZ_CP142335.1|provirus_590545_611412_8,NZ_CP142335.1|provirus_590545_611412_10,NZ_CP142335.1|provirus_590545_611412_11,NZ_CP142335.1|provirus_590545_611412_12,NZ_CP142335.1|provirus_590545_611412_13",5,"SDIC3__SDIC3B,SDIC3__SDIC3B,SDIC3__SDIC3C,SDIC3__SDIC3D,SDIC3__SDIC3E",GCF_036866365.1_ASM3686636v1_genomic_virus/viruses_defense_finder_systems.tsv
155,NZ_CP142335.1|provirus_590545_611412_RM_Type_III_3,RM,RM_Type_III,Defense,NZ_CP142335.1|provirus_590545_611412_17,NZ_CP142335.1|provirus_590545_611412_18,"NZ_CP142335.1|provirus_590545_611412_17,NZ_CP142335.1|provirus_590545_611412_18",2,"RM_Type_III__Type_III_MTases_FAM_0,RM_Type_III__Type_III_REases_FAM_0.einsi_trimmed",GCF_036866365.1_ASM3686636v1_genomic_virus/viruses_defense_finder_systems.tsv
156,NZ_CP142247.1|provirus_1333902_1423741_mEpX1_Nun_1,mEpX1_Nun,mEpX1_Nun,Defense,NZ_CP142247.1|provirus_1333902_1423741_19,NZ_CP142247.1|provirus_1333902_1423741_19,NZ_CP142247.1|provirus_1333902_1423741_19,1,mEpX1_Nun__Nun,GCF_036874005.1_ASM3687400v1_genomic_virus/viruses_defense_finder_systems.tsv
157,NZ_CP142247.1|provirus_3871021_3903748_RM_Type_II_3,RM,RM_Type_II,Defense,NZ_CP142247.1|provirus_3871021_3903748_29,NZ_CP142247.1|provirus_3871021_3903748_36,"NZ_CP142247.1|provirus_3871021_3903748_29,NZ_CP142247.1|provirus_3871021_3903748_30,NZ_CP142247.1|provirus_3871021_3903748_36",3,"RM_Type_II__Type_II_MTases_FAM_0,RM_Type_II__Type_II_MTases_FAM_4,RM_Type_II__Type_II_REase17",GCF_036874005.1_ASM3687400v1_genomic_virus/viruses_defense_finder_systems.tsv
158,NZ_JBANEI010000023.1|provirus_211_17506_mEpX1_Nun_1,mEpX1_Nun,mEpX1_Nun,Defense,NZ_JBANEI010000023.1|provirus_211_17506_9,NZ_JBANEI010000023.1|provirus_211_17506_9,NZ_JBANEI010000023.1|provirus_211_17506_9,1,mEpX1_Nun__Nun,GCF_037045795.1_ASM3704579v1_genomic_virus/viruses_defense_finder_systems.tsv
159,NZ_JBANEI010000009.1|provirus_3_21846_mEp332_T2SS_GspM_2,mEp332_T2SS_GspM,mEp332_T2SS_GspM,Defense,NZ_JBANEI010000009.1|provirus_3_21846_24,NZ_JBANEI010000009.1|provirus_3_21846_24,NZ_JBANEI010000009.1|provirus_3_21846_24,1,mEp332_T2SS_GspM__T2SS_GspM,GCF_037045795.1_ASM3704579v1_genomic_virus/viruses_defense_finder_systems.tsv
160,NZ_CP146504.1|provirus_3059437_3077576_SDIC3_2,SDIC3,SDIC3,Defense,NZ_CP146504.1|provirus_3059437_3077576_7,NZ_CP146504.1|provirus_3059437_3077576_11,"NZ_CP146504.1|provirus_3059437_3077576_7,NZ_CP146504.1|provirus_3059437_3077576_8,NZ_CP146504.1|provirus_3059437_3077576_9,NZ_CP146504.1|provirus_3059437_3077576_10,NZ_CP146504.1|provirus_3059437_3077576_11",5,"SDIC3__SDIC3B,SDIC3__SDIC3C,SDIC3__SDIC3D,SDIC3__SDIC3E,SDIC3__SDIC3F",GCF_037081855.1_ASM3708185v1_genomic_virus/viruses_defense_finder_systems.tsv
161,NZ_CP146504.1|provirus_3059437_3077576_HEC-06_1,HEC-06,HEC-06,Defense,NZ_CP146504.1|provirus_3059437_3077576_15,NZ_CP146504.1|provirus_3059437_3077576_15,NZ_CP146504.1|provirus_3059437_3077576_15,1,HEC-06__HEC-06,GCF_037081855.1_ASM3708185v1_genomic_virus/viruses_defense_finder_systems.tsv
162,NZ_JBBCZK010000001.1|provirus_501284_535076_Retron_I_C_2,Retron,Retron_I_C,Defense,NZ_JBBCZK010000001.1|provirus_501284_535076_29,NZ_JBBCZK010000001.1|provirus_501284_535076_29,NZ_JBBCZK010000001.1|provirus_501284_535076_29,1,Retron_I_C__RT_1_C1,GCF_037144385.1_ASM3714438v1_genomic_virus/viruses_defense_finder_systems.tsv
163,NZ_JBBCZK010000019.1|provirus_49963_63589_mEpX1_Nun_1,mEpX1_Nun,mEpX1_Nun,Defense,NZ_JBBCZK010000019.1|provirus_49963_63589_18,NZ_JBBCZK010000019.1|provirus_49963_63589_18,NZ_JBBCZK010000019.1|provirus_49963_63589_18,1,mEpX1_Nun__Nun,GCF_037144385.1_ASM3714438v1_genomic_virus/viruses_defense_finder_systems.tsv
164,NZ_JBBCRR010000002.1|provirus_157_32435_AbiC_1,AbiC,AbiC,Defense,NZ_JBBCRR010000002.1|provirus_157_32435_2,NZ_JBBCRR010000002.1|provirus_157_32435_2,NZ_JBBCRR010000002.1|provirus_157_32435_2,1,AbiC__AbiC,GCF_037149315.1_ASM3714931v1_genomic_virus/viruses_defense_finder_systems.tsv
165,NZ_JBBCRF010000009.1|provirus_193296_225574_AbiC_1,AbiC,AbiC,Defense,NZ_JBBCRF010000009.1|provirus_193296_225574_41,NZ_JBBCRF010000009.1|provirus_193296_225574_41,NZ_JBBCRF010000009.1|provirus_193296_225574_41,1,AbiC__AbiC,GCF_037149555.1_ASM3714955v1_genomic_virus/viruses_defense_finder_systems.tsv
166,NZ_JAQISN010000001.1|provirus_782680_823048_FS_HsdR_like_1,FS_HsdR_like,FS_HsdR_like,Defense,NZ_JAQISN010000001.1|provirus_782680_823048_24,NZ_JAQISN010000001.1|provirus_782680_823048_25,"NZ_JAQISN010000001.1|provirus_782680_823048_24,NZ_JAQISN010000001.1|provirus_782680_823048_25",2,"FS_HsdR_like__DUF6731,FS_HsdR_like__HP",GCF_037450285.1_ASM3745028v1_genomic_virus/viruses_defense_finder_systems.tsv
167,NZ_JAQISN010000001.1|provirus_782680_823048_PhiEpX1_Gp15_2,PhiEpX1_Gp15,PhiEpX1_Gp15,Defense,NZ_JAQISN010000001.1|provirus_782680_823048_43,NZ_JAQISN010000001.1|provirus_782680_823048_43,NZ_JAQISN010000001.1|provirus_782680_823048_43,1,PhiEpX1_Gp15__Gp15,GCF_037450285.1_ASM3745028v1_genomic_virus/viruses_defense_finder_systems.tsv
168,NZ_JBCHVC010000002.1|provirus_161216_203858_MqsRAC_1,MqsRAC,MqsRAC,Defense,NZ_JBCHVC010000002.1|provirus_161216_203858_20,NZ_JBCHVC010000002.1|provirus_161216_203858_22,"NZ_JBCHVC010000002.1|provirus_161216_203858_20,NZ_JBCHVC010000002.1|provirus_161216_203858_22",2,"MqsRAC__mqsC,MqsRAC__mqsR",GCF_039023495.1_ASM3902349v1_genomic_virus/viruses_defense_finder_systems.tsv
169,NZ_CP152417.1|provirus_606054_650861_Rst_3HP_1,Rst_3HP,Rst_3HP,Defense,NZ_CP152417.1|provirus_606054_650861_6,NZ_CP152417.1|provirus_606054_650861_9,"NZ_CP152417.1|provirus_606054_650861_6,NZ_CP152417.1|provirus_606054_650861_8,NZ_CP152417.1|provirus_606054_650861_9",3,"Rst_3HP__Hp1,Rst_3HP__Hp2,Rst_3HP__Hp3",GCF_039134845.1_ASM3913484v1_genomic_virus/viruses_defense_finder_systems.tsv
170,NZ_CP155071.1|provirus_1447279_1468643_VP1839_2,VP1839,VP1839,Defense,NZ_CP155071.1|provirus_1447279_1468643_14,NZ_CP155071.1|provirus_1447279_1468643_14,NZ_CP155071.1|provirus_1447279_1468643_14,1,VP1839__VP1839,GCF_039621855.1_ASM3962185v1_genomic_virus/viruses_defense_finder_systems.tsv
171,NZ_CP155071.1|provirus_2703420_2727388_PD-T4-10_1,PD-T4-10,PD-T4-10,Defense,NZ_CP155071.1|provirus_2703420_2727388_15,NZ_CP155071.1|provirus_2703420_2727388_16,"NZ_CP155071.1|provirus_2703420_2727388_15,NZ_CP155071.1|provirus_2703420_2727388_16",2,"PD-T4-10__PD-T4-10_A,PD-T4-10__PD-T4-10_B",GCF_039621855.1_ASM3962185v1_genomic_virus/viruses_defense_finder_systems.tsv
172,NZ_JBDFQH010000001.1|provirus_250170_282822_Aristaios_1,Aristaios,Aristaios,Defense,NZ_JBDFQH010000001.1|provirus_250170_282822_26,NZ_JBDFQH010000001.1|provirus_250170_282822_26,NZ_JBDFQH010000001.1|provirus_250170_282822_26,1,Aristaios__Aristaios,GCF_039675445.1_ASM3967544v1_genomic_virus/viruses_defense_finder_systems.tsv
173,NZ_JBDFQT010000003.1|provirus_293749_326547_PhiR47.1_PanTA_1,PhiR47.1_PanTA,PhiR47.1_PanTA,Defense,NZ_JBDFQT010000003.1|provirus_293749_326547_28,NZ_JBDFQT010000003.1|provirus_293749_326547_29,"NZ_JBDFQT010000003.1|provirus_293749_326547_28,NZ_JBDFQT010000003.1|provirus_293749_326547_29",2,"PhiR47.1_PanTA__PanA,PhiR47.1_PanTA__PanT",GCF_039675725.1_ASM3967572v1_genomic_virus/viruses_defense_finder_systems.tsv
174,NZ_JBFKZN010000006.1|provirus_464648_508970_PhiR47.1_PanTA_1,PhiR47.1_PanTA,PhiR47.1_PanTA,Defense,NZ_JBFKZN010000006.1|provirus_464648_508970_3,NZ_JBFKZN010000006.1|provirus_464648_508970_4,"NZ_JBFKZN010000006.1|provirus_464648_508970_3,NZ_JBFKZN010000006.1|provirus_464648_508970_4",2,"PhiR47.1_PanTA__PanA,PhiR47.1_PanTA__PanT",GCF_040741485.1_ASM4074148v1_genomic_virus/viruses_defense_finder_systems.tsv
175,NZ_JBGFFX010000001.1|provirus_164636_213059_Sucellos_1,Sucellos,Sucellos,Defense,NZ_JBGFFX010000001.1|provirus_164636_213059_53,NZ_JBGFFX010000001.1|provirus_164636_213059_54,"NZ_JBGFFX010000001.1|provirus_164636_213059_53,NZ_JBGFFX010000001.1|provirus_164636_213059_54",2,"Sucellos__SclA_VCA0367,Sucellos__SclB_VCA0368",GCF_041224955.1_ASM4122495v1_genomic_virus/viruses_defense_finder_systems.tsv
176,NZ_JBGGPM010000001.1|provirus_1154551_1202055_Nantosuelta_2,Nantosuelta,Nantosuelta,Defense,NZ_JBGGPM010000001.1|provirus_1154551_1202055_57,NZ_JBGGPM010000001.1|provirus_1154551_1202055_57,NZ_JBGGPM010000001.1|provirus_1154551_1202055_57,1,Nantosuelta__VCA0322,GCF_041320675.1_ASM4132067v1_genomic_virus/viruses_defense_finder_systems.tsv
177,NZ_JBGGPM010000001.1|provirus_1226133_1266906_Hna_1,Hna,Hna,Defense,NZ_JBGGPM010000001.1|provirus_1226133_1266906_39,NZ_JBGGPM010000001.1|provirus_1226133_1266906_39,NZ_JBGGPM010000001.1|provirus_1226133_1266906_39,1,Hna__Hna,GCF_041320675.1_ASM4132067v1_genomic_virus/viruses_defense_finder_systems.tsv
178,NZ_LR026978.1|provirus_473107_508574_PARIS_I_1,Paris,PARIS_I,Defense,NZ_LR026978.1|provirus_473107_508574_15,NZ_LR026978.1|provirus_473107_508574_16,"NZ_LR026978.1|provirus_473107_508574_15,NZ_LR026978.1|provirus_473107_508574_16",2,"Paris_I__AriA_AAA15,Paris_I__AriB_DUF4435_I",GCF_900604315.1_PRJEB25870_genomic_virus/viruses_defense_finder_systems.tsv
